VARIABILE_INDICATORE,DEFINIZIONE_INDICATORE,FONTE,ANNO_DI_RIFERIMENTO
cod_rip,Codice Macro-area Geografica,ISTAT,2024
cod_reg,Codice Regione,ISTAT,2024
cod_prov,Codice Provincia,ISTAT,2024
pro_com,Codice ProCom del Comune,ISTAT,2024
macroarea,Nome della Macroarea geografica,,
regione,Nome della Regione,ISTAT,2024
provincia,Nome della Provincia,ISTAT,2024
comune,Nome del Comune,ISTAT,2024
ar_kmq,Territorio (kmq),ISTAT,2024
ar_id_p3,Superficie delle aree a pericolosità idraulica elevata (kmq) - Mosaicatura ISPRA 2020; dati riportati su limiti amministrativi 2024,ISPRA,2020
ar_id_p2,Superficie delle aree a pericolosità idraulica media (kmq) - Mosaicatura ISPRA 2020; dati riportati su limiti amministrativi 2024,ISPRA,2020
ar_id_p1,Superficie delle aree a pericolosità idraulica bassa (kmq) - Mosaicatura ISPRA 2020; dati riportati su limiti amministrativi 2024,ISPRA,2020
aridp3_p,Superficie delle aree a pericolosità idraulica elevata (%) - Mosaicatura ISPRA 2020; dati riportati su limiti amministrativi 2024,ISPRA,2020
aridp2_p,Superficie delle aree a pericolosità idraulica media (%) - Mosaicatura ISPRA 2020; dati riportati su limiti amministrativi 2024,ISPRA,2020
aridp1_p,Superficie delle aree a pericolosità idraulica bassa (%) - Mosaicatura ISPRA 2020; dati riportati su limiti amministrativi 2024,ISPRA,2020
pop_res021,Popolazione residente - Censimento della popolazione e delle abitazioni ISTAT 2021 (n. ab.),ISTAT,2021
pop_res011,Popolazione residente - Censimento della popolazione e delle abitazioni ISTAT 2011 (n. ab.),ISTAT,2011
pop_gio,Popolazione residente di età < 15 anni – Giovani (n. ab.) - Censimento della popolazione e delle abitazioni ISTAT 2021 (n. ab.),ISTAT,2021
pop_adu,Popolazione residente di età tra 15 e 64 anni - Adulti (n. ab.) - Censimento della popolazione e delle abitazioni ISTAT 2021 (n. ab.),ISTAT,2021
pop_anz,Popolazione residente di età > 64 anni – Anziani (n. ab.) - Censimento della popolazione e delle abitazioni ISTAT 2021 (n. ab.),ISTAT,2021
pop_gio_p,Popolazione residente di età < 15 anni – Giovani (%) - Censimento della popolazione e delle abitazioni ISTAT 2021 (n. ab.),ISTAT,2021
pop_adu_p,Popolazione residente di età tra 15 e 64 anni - Adulti (%) - Censimento della popolazione e delle abitazioni ISTAT 2021 (n. ab.),ISTAT,2021
pop_anz_p,Popolazione residente di età > 64 anni – Anziani (%) - Censimento della popolazione e delle abitazioni ISTAT 2021 (n. ab.),ISTAT,2021
pop_idr_p3,Popolazione a rischio in aree a pericolosità idraulica elevata (n. ab.) - elaborazione su Mosaicatura ISPRA 2020 e Censimento ISTAT 2011; dati riportati su limiti amministrativi 2024,ISPRA,2020
pop_idr_p2,Popolazione a rischio in aree a pericolosità idraulica media (n. ab.) - elaborazione su Mosaicatura ISPRA 2020 e Censimento ISTAT 2011; dati riportati su limiti amministrativi 2024,ISPRA,2020
pop_idr_p1,Popolazione a rischio in aree a pericolosità idraulica bassa (n. ab.) - elaborazione su Mosaicatura ISPRA 2020 e Censimento ISTAT 2011; dati riportati su limiti amministrativi 2024,ISPRA,2020
popidp3_p,Popolazione a rischio in aree a pericolosità idraulica elevata (%) - elaborazione su Mosaicatura ISPRA 2020 e Censimento ISTAT 2011; dati riportati su limiti amministrativi 2024,ISPRA,2020
popidp2_p,Popolazione a rischio in aree a pericolosità idraulica media (%) - elaborazione su Mosaicatura ISPRA 2020 e Censimento ISTAT 2011; dati riportati su limiti amministrativi 2024,ISPRA,2020
popidp1_p,Popolazione a rischio in aree a pericolosità idraulica bassa (%) - elaborazione su Mosaicatura ISPRA 2020 e Censimento ISTAT 2011; dati riportati su limiti amministrativi 2024,ISPRA,2020
fam_tot,Famiglie - Censimento ISTAT della popolazione e delle abitazioni 2021 (n.),ISTAT,2021
fam_tot011,Famiglie - Censimento ISTAT della popolazione e delle abitazioni 2011 (n.),ISTAT,2011
fam_idr_p3,Famiglie a rischio in aree a pericolosità idraulica elevata (n.) - elaborazione su Mosaicatura ISPRA 2020 e Censimento ISTAT 2011; dati riportati su limiti amministrativi 2024,ISPRA,2020
fam_idr_p2,Famiglie a rischio in aree a pericolosità idraulica media (n.) - elaborazione su Mosaicatura ISPRA 2020 e Censimento ISTAT 2011; dati riportati su limiti amministrativi 2024,ISPRA,2020
fam_idr_p1,Famiglie a rischio in aree a pericolosità idraulica bassa (n.) - elaborazione su Mosaicatura ISPRA 2020 e Censimento ISTAT 2011; dati riportati su limiti amministrativi 2024,ISPRA,2020
famidp3_p,Famiglie a rischio in aree a pericolosità idraulica elevata (%) - elaborazione su Mosaicatura ISPRA 2020 e Censimento ISTAT 2011; dati riportati su limiti amministrativi 2024,ISPRA,2020
famidp2_p,Famiglie a rischio in aree a pericolosità idraulica media (%) - elaborazione su Mosaicatura ISPRA 2020 e Censimento ISTAT 2011; dati riportati su limiti amministrativi 2024,ISPRA,2020
famidp1_p,Famiglie a rischio in aree a pericolosità idraulica bassa (%) - elaborazione su Mosaicatura ISPRA 2020 e Censimento ISTAT 2011; dati riportati su limiti amministrativi 2024,ISPRA,2020
ed_tot,Edifici - DataBase Sintesi Nazionale DBSN - IGMI (n.),IGMI,2025
ed_tot011,Edifici - Censimento della popolazione e delle abitazioni ISTAT 2011 (n.),ISTAT,2011
ed_idr_p3,Edifici a rischio in aree a pericolosità idraulica elevata (n.) - elaborazione su Mosaicatura ISPRA 2020 e Censimento ISTAT 2011; dati riportati su limiti amministrativi 2024,ISPRA,2020
ed_idr_p2,Edifici a rischio in aree a pericolosità idraulica media (n.) - elaborazione su Mosaicatura ISPRA 2020 e Censimento ISTAT 2011; dati riportati su limiti amministrativi 2024,ISPRA,2020
ed_idr_p1,Edifici a rischio in aree a pericolosità idraulica bassa (n.) - elaborazione su Mosaicatura ISPRA 2020 e Censimento ISTAT 2011; dati riportati su limiti amministrativi 2024,ISPRA,2020
edidp3_p,Edifici a rischio in aree a pericolosità idraulica elevata (%) - elaborazione su Mosaicatura ISPRA 2020 e Censimento ISTAT 2011; dati riportati su limiti amministrativi 2024,ISPRA,2020
edidp2_p,Edifici a rischio in aree a pericolosità idraulica media (%) - elaborazione su Mosaicatura ISPRA 2020 e Censimento ISTAT 2011; dati riportati su limiti amministrativi 2024,ISPRA,2020
edidp1_p,Edifici a rischio in aree a pericolosità idraulica bassa (%) - elaborazione su Mosaicatura ISPRA 2020 e Censimento ISTAT 2011; dati riportati su limiti amministrativi 2024,ISPRA,2020
im_tot,Unità locali d'imprese - Registro ASIA ISTAT 2022 (n.),ISTAT,2022
im_tot011,Unità locali d'imprese - Censimento dell'industria e dei servizi ISTAT 2011 (n.),ISTAT,2011
im_idr_p3,Unità locali d'imprese a rischio in aree a pericolosità idraulica elevata (n.) - elaborazione su Mosaicatura ISPRA 2020 e Censimento ISTAT 2011; dati riportati su limiti amministrativi 2024,ISPRA,2020
im_idr_p2,Unità locali d'imprese a rischio in aree a pericolosità idraulica media (n.) - elaborazione su Mosaicatura ISPRA 2020 e Censimento ISTAT 2011; dati riportati su limiti amministrativi 2024,ISPRA,2020
im_idr_p1,Unità locali d'imprese a rischio in aree a pericolosità idraulica bassa (n.) - elaborazione su Mosaicatura ISPRA 2020 e Censimento ISTAT 2011; dati riportati su limiti amministrativi 2024,ISPRA,2020
imidp3_p,Unità locali d'imprese a rischio in aree a pericolosità idraulica elevata (%) - elaborazione su Mosaicatura ISPRA 2020 e Censimento ISTAT 2011; dati riportati su limiti amministrativi 2024,ISPRA,2020
imidp2_p,Unità locali d'imprese a rischio in aree a pericolosità idraulica media (%) - elaborazione su Mosaicatura ISPRA 2020 e Censimento ISTAT 2011; dati riportati su limiti amministrativi 2024,ISPRA,2020
imidp1_p,Unità locali d'imprese a rischio in aree a pericolosità idraulica bassa (%) - elaborazione su Mosaicatura ISPRA 2020 e Censimento ISTAT 2011; dati riportati su limiti amministrativi 2024,ISPRA,2020
n_vir,Beni culturali - Vincoli in Rete VIR ICR 2024 (n.),ICR,2024
n_vir_019,Beni culturali - Vincoli in Rete VIR ISCR 2019 (n.),ISCR,2019
bbcc_id_p3,Beni culturali a rischio in aree a pericolosità idraulica elevata (n.) - elaborazione su Mosaicatura ISPRA 2020 e VIR ISCR 2019; dati riportati su limiti amministrativi 2024,ISPRA,2020
bbcc_id_p2,Beni culturali a rischio in aree a pericolosità idraulica media (n.) - elaborazione su Mosaicatura ISPRA 2020 e VIR ISCR 2019; dati riportati su limiti amministrativi 2024,ISPRA,2020
bbcc_id_p1,Beni culturali a rischio in aree a pericolosità idraulica bassa (n.) - elaborazione su Mosaicatura ISPRA 2020 e VIR ISCR 2019; dati riportati su limiti amministrativi 2024,ISPRA,2020
bbccidp3_p,Beni culturali a rischio in aree a pericolosità idraulica elevata (%) - elaborazione su Mosaicatura ISPRA 2020 e VIR ISCR 2019; dati riportati su limiti amministrativi 2024,ISPRA,2020
bbccidp2_p,Beni culturali a rischio in aree a pericolosità idraulica media (%) - elaborazione su Mosaicatura ISPRA 2020 e VIR ISCR 2019; dati riportati su limiti amministrativi 2024,ISPRA,2020
bbccidp1_p,Beni culturali a rischio in aree a pericolosità idraulica bassa (%) - elaborazione su Mosaicatura ISPRA 2020 e VIR ISCR 2019; dati riportati su limiti amministrativi 2024,ISPRA,2020
ar_fr_p4,Superficie delle aree a pericolosità da frana molto elevata P4 (kmq) - Mosaicatura ISPRA 2024,ISPRA,2024
ar_fr_p3,Superficie delle aree a pericolosità da frana elevata P3 (kmq) - Mosaicatura ISPRA 2024,ISPRA,2024
ar_fr_p2,Superficie delle aree a pericolosità da frana media P2 (kmq) - Mosaicatura ISPRA 2024,ISPRA,2024
ar_fr_p1,Superficie delle aree a pericolosità da frana moderata P1 (kmq) - Mosaicatura ISPRA 2024,ISPRA,2024
ar_fr_aa,Superficie delle aree di attenzione AA (kmq) - Mosaicatura ISPRA 2024,ISPRA,2024
ar_fr_p3p4,Superficie delle aree a pericolosità da frana molto elevata e molto elevata (P4 + P3) (kmq) - Mosaicatura ISPRA 2024,ISPRA,2024
ar_frp4_p,Superficie delle aree a pericolosità da frana molto elevata P4 (%) - Mosaicatura ISPRA 2024,ISPRA,2024
ar_frp3_p,Superficie delle aree a pericolosità da frana elevata P3 (%) - Mosaicatura ISPRA 2024,ISPRA,2024
ar_frp2_p,Superficie delle aree a pericolosità da frana media P2 (%) - Mosaicatura ISPRA 2024,ISPRA,2024
ar_frp1_p,Superficie delle aree a pericolosità da frana moderata P1 (%) - Mosaicatura ISPRA 2024,ISPRA,2024
ar_fraa_p,Superficie delle aree di attenzione AA (%) - Mosaicatura ISPRA 2024,ISPRA,2024
ar_frp3p4p,Superficie delle aree a pericolosità da frana molto elevata e molto elevata (P4 + P3) (%) - Mosaicatura ISPRA 2024,ISPRA,2024
pop_fr_p4,Popolazione a rischio in aree a pericolosità da frana molto elevata P4 (n. ab.) - elaborazione su Mosaicatura ISPRA 2024 e Censimento ISTAT 2021,ISPRA,2024
pop_fr_p3,Popolazione a rischio in aree a pericolosità da frana elevata P3 (n. ab.) - elaborazione su Mosaicatura ISPRA 2024 e Censimento ISTAT 2021,ISPRA,2024
pop_fr_p2,Popolazione a rischio in aree a pericolosità da frana media P2 (n. ab.) - elaborazione su Mosaicatura ISPRA 2024 e Censimento ISTAT 2021,ISPRA,2024
pop_fr_p1,Popolazione a rischio in aree a pericolosità da frana moderata P1 (n. ab.) - elaborazione su Mosaicatura ISPRA 2024 e Censimento ISTAT 2021,ISPRA,2024
pop_fr_aa,Popolazione a rischio in aree di attenzione AA (n. ab.) - elaborazione su Mosaicatura ISPRA 2024 e Censimento ISTAT 2021,ISPRA,2024
popfr_p3p4,Popolazione a rischio in aree a pericolosità da frana molto elevata e molto elevata (P4 + P3) (n. ab.) - elaborazione su Mosaicatura ISPRA 2024 e Censimento ISTAT 2021,ISPRA,2024
popfrp4_p,Popolazione a rischio in aree a pericolosità da frana molto elevata P4 (%) - elaborazione su Mosaicatura ISPRA 2024 e Censimento ISTAT 2021,ISPRA,2024
popfrp3_p,Popolazione a rischio in aree a pericolosità da frana elevata P3 (%) - elaborazione su Mosaicatura ISPRA 2024 e Censimento ISTAT 2021,ISPRA,2024
popfrp2_p,Popolazione a rischio in aree a pericolosità da frana media P2 (%) - elaborazione su Mosaicatura ISPRA 2024 e Censimento ISTAT 2021,ISPRA,2024
popfrp1_p,Popolazione a rischio in aree a pericolosità da frana moderata P1 (%) - elaborazione su Mosaicatura ISPRA 2024 e Censimento ISTAT 2021,ISPRA,2024
popfraa_p,Popolazione a rischio in aree di attenzione AA (%) - elaborazione su Mosaicatura ISPRA 2024 e Censimento ISTAT 2021,ISPRA,2024
popfrp3p4p,Popolazione a rischio in aree a pericolosità da frana molto elevata e molto elevata (P4 + P3) (%) - elaborazione su Mosaicatura ISPRA 2024 e Censimento ISTAT 2021,ISPRA,2024
fam_fr_p4,Famiglie a rischio in aree a pericolosità da frana molto elevata P4 (n.) - elaborazione su Mosaicatura ISPRA 2024 e Censimento ISTAT 2021,ISPRA,2024
fam_fr_p3,Famiglie a rischio in aree a pericolosità da frana elevata P3 (n.) - elaborazione su Mosaicatura ISPRA 2024 e Censimento ISTAT 2021,ISPRA,2024
fam_fr_p2,Famiglie a rischio in aree a pericolosità da frana media P2 (n.) - elaborazione su Mosaicatura ISPRA 2024 e Censimento ISTAT 2021,ISPRA,2024
fam_fr_p1,Famiglie a rischio in aree a pericolosità da frana moderata P1 (n.) - elaborazione su Mosaicatura ISPRA 2024 e Censimento ISTAT 2021,ISPRA,2024
fam_fr_aa,Famiglie a rischio in aree di attenzione AA (n.) - elaborazione su Mosaicatura ISPRA 2024 e Censimento ISTAT 2021,ISPRA,2024
famfr_p3p4,Famiglie a rischio in aree a pericolosità da frana molto elevata e molto elevata (P4 + P3) (n.) - elaborazione su Mosaicatura ISPRA 2024 e Censimento ISTAT 2021,ISPRA,2024
famfrp4_p,Famiglie a rischio in aree a pericolosità da frana molto elevata P4 (%) - elaborazione su Mosaicatura ISPRA 2024 e Censimento ISTAT 2021,ISPRA,2024
famfrp3_p,Famiglie a rischio in aree a pericolosità da frana elevata P3 (%) - elaborazione su Mosaicatura ISPRA 2024 e Censimento ISTAT 2021,ISPRA,2024
famfrp2_p,Famiglie a rischio in aree a pericolosità da frana media P2 (%) - elaborazione su Mosaicatura ISPRA 2024 e Censimento ISTAT 2021,ISPRA,2024
famfrp1_p,Famiglie a rischio in aree a pericolosità da frana moderata P1 (%) - elaborazione su Mosaicatura ISPRA 2024 e Censimento ISTAT 2021,ISPRA,2024
famfraa_p,Famiglie a rischio in aree di attenzione AA (%) - elaborazione su Mosaicatura ISPRA 2024 e Censimento ISTAT 2021,ISPRA,2024
famfrp3p4p,Famiglie a rischio in aree a pericolosità da frana molto elevata e molto elevata (P4 + P3) (%) - elaborazione su Mosaicatura ISPRA 2024 e Censimento ISTAT 2021,ISPRA,2024
ed_fr_p4,Edifici a rischio in aree a pericolosità da frana molto elevata P4 (n.) - elaborazione su Mosaicatura ISPRA 2024 e DBSN IGMI,ISPRA,2024
ed_fr_p3,Edifici a rischio in aree a pericolosità da frana elevata P3 (n.) - elaborazione su Mosaicatura ISPRA 2024 e DBSN IGMI,ISPRA,2024
ed_fr_p2,Edifici a rischio in aree a pericolosità da frana media P2 (n.) - elaborazione su Mosaicatura ISPRA 2024 e DBSN IGMI,ISPRA,2024
ed_fr_p1,Edifici a rischio in aree a pericolosità da frana moderata P1 (n.) - elaborazione su Mosaicatura ISPRA 2024 e DBSN IGMI,ISPRA,2024
ed_fr_aa,Edifici a rischio in aree di attenzione AA (n.) - elaborazione su Mosaicatura ISPRA 2024 e DBSN IGMI,ISPRA,2024
ed_fr_p3p4,Edifici a rischio in aree a pericolosità da frana molto elevata e molto elevata (P4 + P3) (n.) - elaborazione su Mosaicatura ISPRA 2024 e DBSN IGMI,ISPRA,2024
edfrp4_p,Edifici a rischio in aree a pericolosità da frana molto elevata P4 (%) - elaborazione su Mosaicatura ISPRA 2024 e DBSN IGMI,ISPRA,2024
edfrp3_p,Edifici a rischio in aree a pericolosità da frana elevata P3 (%) - elaborazione su Mosaicatura ISPRA 2024 e DBSN IGMI,ISPRA,2024
edfrp2_p,Edifici a rischio in aree a pericolosità da frana media P2 (%) - elaborazione su Mosaicatura ISPRA 2024 e DBSN IGMI,ISPRA,2024
edfrp1_p,Edifici a rischio in aree a pericolosità da frana moderata P1 (%) - elaborazione su Mosaicatura ISPRA 2024 e DBSN IGMI,ISPRA,2024
edfraa_p,Edifici a rischio in aree di attenzione AA (%) - elaborazione su Mosaicatura ISPRA 2024 e DBSN IGMI,ISPRA,2024
edfrp3p4p,Edifici a rischio in aree a pericolosità da frana molto elevata e molto elevata (P4 + P3) (%) - elaborazione su Mosaicatura ISPRA 2024 e DBSN IGMI,ISPRA,2024
im_fr_p4,Unità locali d'imprese a rischio in aree a pericolosità da frana molto elevata P4 (n.) - elaborazione su Mosaicatura ISPRA 2024 e Registro ASIA ISTAT 2022,ISPRA,2024
im_fr_p3,Unità locali d'imprese a rischio in aree a pericolosità da frana elevata P3 (n.) - elaborazione su Mosaicatura ISPRA 2024 e Registro ASIA ISTAT 2022,ISPRA,2024
im_fr_p2,Unità locali d'imprese a rischio in aree a pericolosità da frana media P2 (n.) - elaborazione su Mosaicatura ISPRA 2024 e Registro ASIA ISTAT 2022,ISPRA,2024
im_fr_p1,Unità locali d'imprese a rischio in aree a pericolosità da frana moderata P1 (n.) - elaborazione su Mosaicatura ISPRA 2024 e Registro ASIA ISTAT 2022,ISPRA,2024
im_fr_aa,Unità locali d'imprese a rischio in aree di attenzione AA (n.) - elaborazione su Mosaicatura ISPRA 2024 e Registro ASIA ISTAT 2022,ISPRA,2024
imfr_p3p4,Unità locali d'imprese a rischio in aree a pericolosità da frana molto elevata e molto elevata (P4 + P3) (n.) - elaborazione su Mosaicatura ISPRA 2024 e Registro ASIA ISTAT 2022,ISPRA,2024
imfrp4_p,Unità locali d'imprese a rischio in aree a pericolosità da frana molto elevata P4 (%) - elaborazione su Mosaicatura ISPRA 2024 e Registro ASIA ISTAT 2022,ISPRA,2024
imfrp3_p,Unità locali d'imprese a rischio in aree a pericolosità da frana elevata P3 (%) - elaborazione su Mosaicatura ISPRA 2024 e Registro ASIA ISTAT 2022,ISPRA,2024
imfrp2_p,Unità locali d'imprese a rischio in aree a pericolosità da frana media P2 (%) - elaborazione su Mosaicatura ISPRA 2024 e Registro ASIA ISTAT 2022,ISPRA,2024
imfrp1_p,Unità locali d'imprese a rischio in aree a pericolosità da frana moderata P1 (%) - elaborazione su Mosaicatura ISPRA 2024 e Registro ASIA ISTAT 2022,ISPRA,2024
imfraa_p,Unità locali d'imprese a rischio in aree di attenzione AA (%) - elaborazione su Mosaicatura ISPRA 2024 e Registro ASIA ISTAT 2022,ISPRA,2024
imfrp3p4p,Unità locali d'imprese a rischio in aree a pericolosità da frana molto elevata e molto elevata (P4 + P3) (%) - elaborazione su Mosaicatura ISPRA 2024 e Registro ASIA ISTAT 2022,ISPRA,2024
bbcc_fr_p4,Beni culturali a rischio in aree a pericolosità da frana molto elevata P4 (n.) - elaborazione su Mosaicatura ISPRA 2024 e VIR ICR 2024,ISPRA,2024
bbcc_fr_p3,Beni culturali a rischio in aree a pericolosità da frana elevata P3 (n.) - elaborazione su Mosaicatura ISPRA 2024 e VIR ICR 2024,ISPRA,2024
bbcc_fr_p2,Beni culturali a rischio in aree a pericolosità da frana media P2 (n.) - elaborazione su Mosaicatura ISPRA 2024 e VIR ICR 2024,ISPRA,2024
bbcc_fr_p1,Beni culturali a rischio in aree a pericolosità da frana moderata P1 (n.) - elaborazione su Mosaicatura ISPRA 2024 e VIR ICR 2024,ISPRA,2024
bbcc_fr_aa,Beni culturali a rischio in aree di attenzione AA (n.) - elaborazione su Mosaicatura ISPRA 2024 e VIR ICR 2024,ISPRA,2024
bbccfrp3p4,Beni culturali a rischio in aree a pericolosità da frana molto elevata e molto elevata (P4 + P3) (n.) - elaborazione su Mosaicatura ISPRA 2024 e VIR ICR 2024,ISPRA,2024
bbccfrp4_p,Beni culturali a rischio in aree a pericolosità da frana molto elevata P4 (%) - elaborazione su Mosaicatura ISPRA 2024 e VIR ICR 2024,ISPRA,2024
bbccfrp3_p,Beni culturali a rischio in aree a pericolosità da frana elevata P3 (%) - elaborazione su Mosaicatura ISPRA 2024 e VIR ICR 2024,ISPRA,2024
bbccfrp2_p,Beni culturali a rischio in aree a pericolosità da frana media P2 (%) - elaborazione su Mosaicatura ISPRA 2024 e VIR ICR 2024,ISPRA,2024
bbccfrp1_p,Beni culturali a rischio in aree a pericolosità da frana moderata P1 (%) - elaborazione su Mosaicatura ISPRA 2024 e VIR ICR 2024,ISPRA,2024
bbccfraa_p,Beni culturali a rischio in aree di attenzione AA (%) - elaborazione su Mosaicatura ISPRA 2024 e VIR ICR 2024,ISPRA,2024
bbccfrp34p,Beni culturali a rischio in aree a pericolosità da frana molto elevata e molto elevata (P4 + P3) (%) - elaborazione su Mosaicatura ISPRA 2024 e VIR ICR 2024,ISPRA,2024